{"cameraMode":{"drawMode":0,"name":"Shaded","section":"Shading Mode"},"sceneLighting":true,"audioPlay":false,"sceneViewState":{"m_AlwaysRefresh":false,"showFog":true,"showSkybox":true,"showFlares":true,"showImageEffects":true,"showParticleSystems":true,"showVisualEffectGraphs":true,"m_FxEnabled":true},"in2DMode":false,"pivot":{"x":10.779999732971192,"y":2.485880136489868,"z":9.1326904296875},"rotation":{"x":-0.011397870257496834,"y":-0.0024065931793302299,"z":0.000027421037884778343,"w":-0.9999331831932068},"size":3.1038665771484377,"orthographic":true}