{"cameraMode":{"drawMode":0,"name":"Shaded","section":"Shading Mode"},"sceneLighting":true,"audioPlay":false,"sceneViewState":{"m_AlwaysRefresh":false,"showFog":true,"showSkybox":true,"showFlares":true,"showImageEffects":true,"showParticleSystems":true,"showVisualEffectGraphs":true,"m_FxEnabled":true},"in2DMode":false,"pivot":{"x":2.1969079971313478,"y":12.013137817382813,"z":7.224663257598877},"rotation":{"x":0.07456986606121063,"y":-0.9254258275032044,"z":0.26810798048973086,"w":0.25729987025260928},"size":4.945499897003174,"orthographic":false}