{"cameraMode":{"drawMode":0,"name":"Shaded","section":"Shading Mode"},"sceneLighting":true,"audioPlay":false,"sceneViewState":{"m_AlwaysRefresh":false,"showFog":true,"showSkybox":true,"showFlares":true,"showImageEffects":true,"showParticleSystems":true,"showVisualEffectGraphs":true,"m_FxEnabled":true},"in2DMode":false,"pivot":{"x":-7.929182052612305,"y":0.0000019073486328125,"z":-2.5882625579833986},"rotation":{"x":-0.19504372775554658,"y":-0.8044016361236572,"z":0.39249324798583987,"w":-0.40154147148132326},"size":29.870330810546876,"orthographic":true}